timestamp,open,high,low,close,volume
2026-07-01 17:00:00,59920.0,60239.84,59787.35,60190.6,480.08928
2026-07-01 18:00:00,60190.59,60298.0,60016.4,60171.16,343.31457
2026-07-01 19:00:00,60171.16,60352.93,60000.0,60028.67,548.14825
2026-07-01 20:00:00,60029.39,60198.0,59876.0,60126.0,313.10277
2026-07-01 21:00:00,60126.0,60846.95,60124.89,60815.99,1153.57611
2026-07-01 22:00:00,60815.99,61334.0,60339.0,60478.01,1877.61599
2026-07-01 23:00:00,60478.0,60478.0,59984.86,60024.0,573.62579
2026-07-02 00:00:00,60024.0,60028.0,59588.0,59761.73,857.93081
2026-07-02 01:00:00,59761.74,60324.99,59715.8,60175.92,634.42084
2026-07-02 02:00:00,60175.91,60495.24,60015.68,60423.1,520.9397
2026-07-02 03:00:00,60423.11,61121.78,60300.02,61058.0,891.65369
2026-07-02 04:00:00,61057.99,61058.0,60728.0,60787.98,793.20588
2026-07-02 05:00:00,60787.98,60877.69,60488.0,60504.54,836.16486
2026-07-02 06:00:00,60504.54,60652.74,60260.0,60274.01,838.53408
2026-07-02 07:00:00,60274.01,60315.93,60104.0,60149.99,593.99067
2026-07-02 08:00:00,60149.99,60555.06,60132.51,60511.99,573.38622
2026-07-02 09:00:00,60512.0,61437.49,60376.13,61184.0,1895.63178
2026-07-02 10:00:00,61184.0,61350.0,61051.07,61263.68,711.1086
2026-07-02 11:00:00,61263.93,61388.0,61125.58,61358.01,823.29588
2026-07-02 12:00:00,61358.0,61614.0,61147.23,61542.53,1476.64291
2026-07-02 13:00:00,61542.53,62053.0,61506.0,61939.04,2503.04906
2026-07-02 14:00:00,61939.04,62200.0,61394.49,61696.61,1834.43153
2026-07-02 15:00:00,61696.61,61850.86,61427.39,61612.93,955.089
2026-07-02 16:00:00,61612.93,61790.13,61108.99,61682.34,1526.68052
2026-07-02 17:00:00,61682.34,61962.43,61619.69,61667.39,742.84693
2026-07-02 18:00:00,61667.4,61900.29,61664.39,61761.36,457.24217
2026-07-02 19:00:00,61761.36,61763.81,61424.0,61479.6,567.93379
2026-07-02 20:00:00,61479.59,61596.0,61342.0,61584.78,435.70751
2026-07-02 21:00:00,61584.77,61653.43,61516.0,61592.26,335.09994
2026-07-02 22:00:00,61592.26,61596.62,61406.28,61465.26,313.41399
2026-07-02 23:00:00,61465.26,61606.0,61350.02,61560.0,263.74127
2026-07-03 00:00:00,61560.0,61578.0,61248.86,61308.75,803.35853
2026-07-03 01:00:00,61308.75,61733.11,61286.0,61588.0,365.29608
2026-07-03 02:00:00,61588.0,61664.62,61294.0,61440.01,718.15053
2026-07-03 03:00:00,61440.01,61575.15,61324.0,61434.0,592.37701
2026-07-03 04:00:00,61434.0,61524.01,61332.76,61448.0,597.68744
2026-07-03 05:00:00,61448.0,61808.0,61430.0,61700.49,669.42027
2026-07-03 06:00:00,61700.49,61850.0,61612.0,61710.01,821.5655
2026-07-03 07:00:00,61710.01,61864.99,61659.32,61750.47,1075.23435
2026-07-03 08:00:00,61750.47,61896.99,61554.07,61584.0,341.60269
2026-07-03 09:00:00,61583.99,61783.89,61510.01,61718.68,336.50784
2026-07-03 10:00:00,61718.69,62038.0,61663.98,61916.46,481.39402
2026-07-03 11:00:00,61916.46,62103.1,61840.0,62024.02,549.87382
2026-07-03 12:00:00,62024.01,62174.47,61871.66,61983.99,627.72129
2026-07-03 13:00:00,61984.0,62282.0,61944.0,62116.01,790.28341
2026-07-03 14:00:00,62116.0,62280.0,61700.0,62167.48,768.79968
2026-07-03 15:00:00,62167.47,62400.0,61820.0,61922.72,627.67216
2026-07-03 16:00:00,61922.71,62125.99,61911.65,62104.81,308.0973
2026-07-03 17:00:00,62104.81,62292.51,62068.78,62194.0,345.47791
2026-07-03 18:00:00,62193.99,62250.0,62118.0,62204.01,298.61687
2026-07-03 19:00:00,62204.0,62317.64,62146.0,62210.0,345.20311
2026-07-03 20:00:00,62210.0,62907.77,62186.01,62776.92,1103.81636
2026-07-03 21:00:00,62776.91,62979.86,62518.72,62732.0,530.36622
2026-07-03 22:00:00,62732.0,62748.01,62538.47,62578.0,461.77097
2026-07-03 23:00:00,62578.0,62707.67,62529.03,62583.26,488.69291
2026-07-04 00:00:00,62583.26,62946.0,62578.55,62756.29,451.82518
2026-07-04 01:00:00,62756.29,62756.29,62404.25,62468.44,740.55394
2026-07-04 02:00:00,62468.44,62576.0,62432.0,62538.96,288.40853
2026-07-04 03:00:00,62538.96,62750.0,62484.01,62627.29,272.8732
2026-07-04 04:00:00,62627.28,62749.97,62590.06,62700.0,372.06056
2026-07-04 05:00:00,62700.0,62700.01,62441.29,62471.52,289.90978
2026-07-04 06:00:00,62471.53,62559.43,62328.24,62500.01,328.21302
2026-07-04 07:00:00,62500.01,62634.24,62470.0,62576.0,488.37245
2026-07-04 08:00:00,62576.0,62674.47,62516.46,62553.78,325.39629
2026-07-04 09:00:00,62553.78,62583.99,62415.87,62494.0,256.44372
2026-07-04 10:00:00,62494.01,62545.02,62445.38,62513.0,261.05012
2026-07-04 11:00:00,62512.99,62563.84,62456.24,62482.01,236.75332
2026-07-04 12:00:00,62482.0,62696.78,62482.0,62664.01,160.12973
2026-07-04 13:00:00,62664.01,62776.92,62542.0,62588.84,234.91268
2026-07-04 14:00:00,62588.84,62738.28,62585.53,62693.99,214.12592
2026-07-04 15:00:00,62693.99,63075.46,62687.89,62943.29,746.82104
2026-07-04 16:00:00,62943.29,62968.29,62786.0,62927.29,446.2616
2026-07-04 17:00:00,62927.3,63439.62,62803.0,63280.38,752.34234
2026-07-04 18:00:00,63280.38,63346.0,63092.02,63172.78,347.58599
2026-07-04 19:00:00,63172.79,63461.99,63123.49,63294.72,328.68996
2026-07-04 20:00:00,63294.72,63392.0,63155.37,63233.78,287.12408
2026-07-04 21:00:00,63233.79,63448.0,63202.0,63297.84,239.07967
2026-07-04 22:00:00,63297.83,63310.0,63160.0,63184.99,486.87752
2026-07-04 23:00:00,63185.0,63241.33,62927.98,63144.01,584.01676
2026-07-05 00:00:00,63144.01,63144.01,62888.86,62991.29,348.66174
2026-07-05 01:00:00,62991.3,63043.15,62800.0,62887.94,447.61772
2026-07-05 02:00:00,62887.93,62926.0,62596.08,62693.56,307.64194
2026-07-05 03:00:00,62693.57,62796.39,62658.0,62769.04,211.72564
2026-07-05 04:00:00,62769.03,62952.93,62712.0,62815.99,288.42759
2026-07-05 05:00:00,62815.99,62815.99,62659.65,62740.5,312.61219
2026-07-05 06:00:00,62740.5,62819.91,62669.99,62782.18,269.63913
2026-07-05 07:00:00,62782.18,63059.99,62718.31,63020.21,393.71695
2026-07-05 08:00:00,63020.21,63104.0,62900.0,62915.0,337.45972
2026-07-05 09:00:00,62915.0,62930.16,62436.59,62622.18,562.27226
2026-07-05 10:00:00,62622.18,62756.25,62536.57,62756.12,183.32618
2026-07-05 11:00:00,62756.12,62812.0,62600.03,62658.92,268.20384
2026-07-05 12:00:00,62658.92,62772.0,62569.37,62745.01,294.54856
2026-07-05 13:00:00,62745.0,62819.66,62644.12,62792.0,337.44331
2026-07-05 14:00:00,62791.99,62818.37,62656.02,62812.25,219.35892
2026-07-05 15:00:00,62812.25,62943.59,62679.76,62740.01,243.82359
2026-07-05 16:00:00,62740.01,62772.86,62590.02,62637.48,344.55738
2026-07-05 17:00:00,62637.48,62820.0,62594.38,62624.93,275.09476
2026-07-05 18:00:00,62624.93,62880.0,62616.0,62820.33,372.13939
2026-07-05 19:00:00,62820.33,62888.14,62714.98,62768.88,297.34041
2026-07-05 20:00:00,62768.87,62836.01,62700.0,62730.61,164.5638
2026-07-05 21:00:00,62730.61,63220.0,62609.47,63092.01,428.51084
2026-07-05 22:00:00,63092.0,63964.48,63005.04,63736.0,1512.51245
2026-07-05 23:00:00,63735.99,63999.0,63577.36,63650.0,750.87927
2026-07-06 00:00:00,63650.01,63772.52,63350.0,63761.99,854.38324
2026-07-06 01:00:00,63761.98,63920.0,63550.0,63576.0,432.9767
2026-07-06 02:00:00,63576.0,63669.45,63373.13,63460.01,398.01222
2026-07-06 03:00:00,63460.01,63495.14,63136.01,63294.0,420.90012
2026-07-06 04:00:00,63294.0,63402.77,63187.98,63267.99,278.63053
2026-07-06 05:00:00,63267.99,63268.0,62950.0,63114.0,702.75025
2026-07-06 06:00:00,63113.99,63152.7,62972.0,62976.0,622.44998
2026-07-06 07:00:00,62976.0,63120.0,62890.0,63089.42,529.35201
2026-07-06 08:00:00,63089.42,63244.0,62800.13,62904.01,536.0688
2026-07-06 09:00:00,62904.01,62914.0,62630.85,62664.77,432.26087
2026-07-06 10:00:00,62664.77,63030.0,62664.76,62822.06,454.82776
2026-07-06 11:00:00,62822.07,63000.0,62483.83,62483.84,610.79996
2026-07-06 12:00:00,62483.84,62487.98,61668.2,61754.01,2426.65551
2026-07-06 13:00:00,61754.01,62034.0,61306.84,61768.21,3623.91016
2026-07-06 14:00:00,61768.2,62411.41,61712.54,62052.0,1203.78704
2026-07-06 15:00:00,62052.0,63550.0,62052.0,63545.98,2153.37389
2026-07-06 16:00:00,63545.98,63863.0,63386.01,63732.0,1748.98599
2026-07-06 17:00:00,63732.0,63976.16,63570.16,63587.38,885.44922
2026-07-06 18:00:00,63587.38,63886.0,63560.0,63696.4,345.76423
2026-07-06 19:00:00,63696.4,63887.93,63652.42,63738.52,308.11427
2026-07-06 20:00:00,63738.52,63892.65,63589.41,63828.0,314.93037
2026-07-06 21:00:00,63828.0,64700.0,63810.0,64489.98,1489.51024
2026-07-06 22:00:00,64489.97,64500.0,64151.01,64244.0,313.47871
2026-07-06 23:00:00,64244.0,64340.76,64017.78,64042.02,347.9123
2026-07-07 00:00:00,64042.93,64314.0,63997.5,64203.99,545.80462
2026-07-07 01:00:00,64203.99,64204.0,63767.04,63840.0,600.7847
2026-07-07 02:00:00,63840.0,63908.0,63288.01,63322.01,624.33941
2026-07-07 03:00:00,63322.01,63414.0,63150.0,63191.01,378.30046
2026-07-07 04:00:00,63191.01,63288.33,63064.0,63100.01,658.55856
2026-07-07 05:00:00,63100.0,63278.99,62800.0,63128.01,725.48406
2026-07-07 06:00:00,63128.0,63400.0,62984.42,63340.0,869.08707
2026-07-07 07:00:00,63340.01,63445.7,63072.1,63083.18,615.24857
2026-07-07 08:00:00,63083.19,63184.0,62984.58,63104.0,444.0167
2026-07-07 09:00:00,63104.0,63348.73,63063.28,63256.0,320.22634
2026-07-07 10:00:00,63256.01,63467.15,63228.17,63284.0,496.91971
2026-07-07 11:00:00,63284.0,63452.0,63116.02,63406.0,399.36572
2026-07-07 12:00:00,63405.99,63872.0,63396.58,63481.39,618.18499
2026-07-07 13:00:00,63481.39,63482.5,63000.0,63056.0,1055.47861
2026-07-07 14:00:00,63056.0,63634.0,62671.39,63562.05,1684.44273
2026-07-07 15:00:00,63562.05,64105.0,63376.22,63930.51,2129.05569
2026-07-07 16:00:00,63930.5,64243.75,63810.0,63983.27,825.1364
2026-07-07 17:00:00,63983.28,64232.0,63896.21,64186.0,713.19138
2026-07-07 18:00:00,64185.99,64188.0,63672.01,63679.99,804.35069
2026-07-07 19:00:00,63679.99,63894.58,63379.69,63817.99,809.87318
2026-07-07 20:00:00,63818.0,63901.75,63585.0,63697.99,461.15497
2026-07-07 21:00:00,63698.0,63866.0,63313.1,63423.94,445.13714
2026-07-07 22:00:00,63423.93,63660.0,63218.0,63551.02,344.82337
2026-07-07 23:00:00,63551.02,63708.0,63320.0,63363.99,265.24316
2026-07-08 00:00:00,63364.0,63761.99,63307.36,63612.77,656.59812
2026-07-08 01:00:00,63612.78,63649.5,62921.78,63038.01,690.76172
2026-07-08 02:00:00,63038.0,63066.0,62525.47,62979.99,1271.45366
2026-07-08 03:00:00,62979.98,63094.0,62700.18,62766.0,326.19539
2026-07-08 04:00:00,62766.0,62901.49,62676.0,62800.0,435.16461
2026-07-08 05:00:00,62800.01,62876.95,62558.0,62637.88,716.63481
2026-07-08 06:00:00,62637.88,62746.0,62477.04,62657.81,457.84929
2026-07-08 07:00:00,62657.82,62894.89,62550.0,62888.35,483.7238
2026-07-08 08:00:00,62888.34,62941.46,61855.26,62018.36,1707.6886
2026-07-08 09:00:00,62018.36,62190.01,61743.83,62057.67,2058.44174
2026-07-08 10:00:00,62057.68,62199.97,61903.45,62183.12,934.16537
2026-07-08 11:00:00,62183.11,62392.04,62055.63,62299.99,576.86496
2026-07-08 12:00:00,62300.0,62451.08,61953.58,61957.73,877.49143
2026-07-08 13:00:00,61957.74,62090.0,61632.23,61945.49,1130.9924
2026-07-08 14:00:00,61945.49,62173.56,61712.0,61889.83,1415.74086
2026-07-08 15:00:00,61889.83,61922.0,61544.56,61704.01,1055.91275
2026-07-08 16:00:00,61704.01,62164.6,61692.0,62113.03,762.49481
2026-07-08 17:00:00,62113.02,62394.32,62032.0,62104.62,518.57431
2026-07-08 18:00:00,62104.62,62351.97,62045.2,62185.32,301.10629
2026-07-08 19:00:00,62185.33,62292.19,62068.0,62277.98,295.91802
2026-07-08 20:00:00,62277.98,62306.54,62082.8,62099.61,601.65946
2026-07-08 21:00:00,62099.62,62251.22,61956.0,62187.17,844.23046
2026-07-08 22:00:00,62187.17,62350.63,62178.0,62330.4,268.9098
2026-07-08 23:00:00,62330.4,62346.6,62174.0,62290.0,231.5253
2026-07-09 00:00:00,62290.01,62309.88,62058.51,62129.99,419.84137
2026-07-09 01:00:00,62129.99,62642.0,61837.1,61916.0,891.27709
2026-07-09 02:00:00,61916.0,62121.21,61705.29,61788.8,588.18699
2026-07-09 03:00:00,61788.79,62062.99,61730.0,61974.34,608.39784
2026-07-09 04:00:00,61974.34,62456.29,61956.46,62453.74,475.51774
2026-07-09 05:00:00,62453.74,62624.61,62236.0,62589.61,907.8536
2026-07-09 06:00:00,62589.61,62980.0,62485.58,62959.96,790.33126
2026-07-09 07:00:00,62959.96,63283.26,62788.06,63000.0,902.61366
2026-07-09 08:00:00,62999.99,63100.1,62855.63,62903.65,872.78917
2026-07-09 09:00:00,62903.66,63002.0,62786.82,62953.4,549.43771
2026-07-09 10:00:00,62953.4,63056.98,62688.0,62786.04,490.23056
2026-07-09 11:00:00,62786.05,62830.0,62614.66,62786.34,613.79257
2026-07-09 12:00:00,62786.33,62952.0,62465.39,62614.02,2694.46367
2026-07-09 13:00:00,62614.01,63240.15,62523.08,63028.35,732.96491
2026-07-09 14:00:00,63028.36,63144.79,62666.66,63016.0,598.40365
2026-07-09 15:00:00,63016.0,63261.0,62811.1,62868.05,857.13379
2026-07-09 16:00:00,62868.06,62996.0,62559.59,62700.01,532.13757
2026-07-09 17:00:00,62700.01,63165.12,62668.0,63142.79,730.95491
2026-07-09 18:00:00,63142.79,63500.0,63080.0,63219.03,776.88222
2026-07-09 19:00:00,63219.03,63375.73,63118.45,63248.1,606.23375
2026-07-09 20:00:00,63248.09,63330.85,63177.36,63313.38,236.61262
2026-07-09 21:00:00,63313.38,63397.94,63208.91,63274.59,261.44616
2026-07-09 22:00:00,63274.6,63418.0,63218.77,63218.78,274.28375
2026-07-09 23:00:00,63218.78,63325.0,63060.91,63230.0,331.02016
2026-07-10 00:00:00,63230.01,63255.49,62926.01,63113.93,626.86453
2026-07-10 01:00:00,63113.92,63999.99,62962.0,63749.86,1229.10229
2026-07-10 02:00:00,63749.86,64050.23,63692.76,63961.99,1017.85326
2026-07-10 03:00:00,63961.99,64050.0,63822.8,63947.2,410.93478
2026-07-10 04:00:00,63947.2,64176.86,63857.64,64047.88,567.80609
2026-07-10 05:00:00,64047.89,64200.0,63944.05,64115.99,507.936
2026-07-10 06:00:00,64116.0,64162.0,63836.0,63854.71,352.90834
2026-07-10 07:00:00,63854.71,64011.9,63802.02,63963.0,566.0984
2026-07-10 08:00:00,63963.0,64392.0,63962.99,64246.01,945.88564
2026-07-10 09:00:00,64246.0,64480.01,64102.0,64385.09,1051.0085
2026-07-10 10:00:00,64385.09,64494.84,64274.47,64407.8,400.85807
2026-07-10 11:00:00,64407.8,64480.0,64341.83,64425.18,337.28843
2026-07-10 12:00:00,64425.18,64608.0,63999.0,64286.64,1081.95063
2026-07-10 13:00:00,64286.65,64692.83,64152.84,64484.0,826.67946
2026-07-10 14:00:00,64484.0,64516.0,63793.43,63914.87,1338.73193
2026-07-10 15:00:00,63914.88,64210.0,63898.0,64040.0,737.82713
2026-07-10 16:00:00,64039.99,64220.0,63826.57,64140.01,671.46586
2026-07-10 17:00:00,64140.0,64158.58,63821.88,63823.99,491.57909
2026-07-10 18:00:00,63824.0,64003.99,63732.66,63810.0,566.18067
2026-07-10 19:00:00,63809.99,64077.56,63780.0,63917.88,1227.53052
2026-07-10 20:00:00,63917.88,63946.36,63656.0,63841.25,1126.81538
2026-07-10 21:00:00,63841.25,64099.56,63835.05,64011.99,307.30047
2026-07-10 22:00:00,64012.0,64169.39,63981.37,64112.29,508.14182
2026-07-10 23:00:00,64112.3,64222.61,64024.0,64161.72,690.25393
2026-07-11 00:00:00,64161.72,64168.49,64028.43,64124.0,315.78502
2026-07-11 01:00:00,64123.99,64310.0,64004.01,64012.95,405.42387
2026-07-11 02:00:00,64012.95,64166.0,63984.07,64158.04,205.49018
2026-07-11 03:00:00,64158.04,64195.04,64068.0,64150.42,174.79238
2026-07-11 04:00:00,64150.42,64213.55,64080.26,64152.0,223.52551
2026-07-11 05:00:00,64152.0,64221.99,64121.07,64176.01,535.97468
2026-07-11 06:00:00,64176.0,64278.0,64124.0,64219.1,302.84507
2026-07-11 07:00:00,64219.09,64256.55,64152.0,64162.18,422.67072
2026-07-11 08:00:00,64162.18,64300.0,64153.87,64265.98,169.11443
2026-07-11 09:00:00,64265.98,64300.0,64159.7,64167.34,347.53946
2026-07-11 10:00:00,64167.35,64204.02,64129.99,64196.0,421.25234
2026-07-11 11:00:00,64196.0,64215.32,64167.99,64198.0,417.44096
2026-07-11 12:00:00,64197.99,64228.0,64130.65,64195.49,408.31399
2026-07-11 13:00:00,64195.48,64266.0,64159.99,64235.66,352.18455
2026-07-11 14:00:00,64235.67,64504.11,64235.66,64350.07,551.43161
2026-07-11 15:00:00,64350.07,64484.01,63896.18,64175.75,1185.62457
2026-07-11 16:00:00,64175.75,64273.63,64084.0,64180.01,468.52631
2026-07-11 17:00:00,64180.0,64402.0,64164.08,64315.53,272.95245
2026-07-11 18:00:00,64315.53,64395.17,64288.91,64327.99,274.24491
2026-07-11 19:00:00,64327.99,64338.0,64233.23,64286.0,202.32307
2026-07-11 20:00:00,64286.0,64463.83,64285.99,64382.45,197.23083
2026-07-11 21:00:00,64382.44,64427.56,64338.09,64355.99,116.51883
2026-07-11 22:00:00,64355.99,64424.03,64144.47,64203.08,303.31895
2026-07-11 23:00:00,64203.09,64246.0,63819.0,63819.0,877.44963
2026-07-12 00:00:00,63819.01,63909.92,63702.16,63828.47,2302.50352
2026-07-12 01:00:00,63828.48,64172.66,63812.0,64133.61,394.25068
2026-07-12 02:00:00,64133.61,64133.62,64029.51,64070.39,908.56961
2026-07-12 03:00:00,64070.4,64223.74,64035.68,64223.73,488.95119
2026-07-12 04:00:00,64223.73,64245.87,63943.68,63999.93,412.9132
2026-07-12 05:00:00,63999.94,64024.48,63900.0,63959.93,291.33944
2026-07-12 06:00:00,63959.93,63962.85,63640.83,63762.46,526.52081
2026-07-12 07:00:00,63762.47,63908.39,63740.12,63885.27,506.72582
2026-07-12 08:00:00,63885.28,64100.32,63884.2,63983.18,1349.77159
2026-07-12 09:00:00,63983.18,64062.17,63764.0,63961.61,3089.49803
2026-07-12 10:00:00,63961.6,63961.6,63843.4,63865.76,250.37178
2026-07-12 11:00:00,63865.76,64030.0,63826.01,64018.01,158.66802
2026-07-12 12:00:00,64018.0,64135.0,63970.55,64026.0,320.06272
2026-07-12 13:00:00,64026.01,64097.99,63987.4,64023.14,369.91648
2026-07-12 14:00:00,64023.13,64290.11,63958.71,64203.08,261.44826
2026-07-12 15:00:00,64203.08,64262.15,64117.97,64176.0,230.70025
2026-07-12 16:00:00,64176.0,64209.64,64042.0,64177.7,260.32939
2026-07-12 17:00:00,64177.7,64177.74,64029.12,64078.0,243.96602
2026-07-12 18:00:00,64078.0,64150.0,64018.69,64147.99,207.74726
2026-07-12 19:00:00,64148.0,64270.0,64147.3,64228.59,178.3269
2026-07-12 20:00:00,64228.59,64254.0,64178.03,64198.89,158.2404
2026-07-12 21:00:00,64198.9,64232.02,63891.84,63920.4,317.29013
2026-07-12 22:00:00,63920.4,63923.99,63668.0,63886.87,425.91972
2026-07-12 23:00:00,63886.86,63914.85,63726.62,63780.0,260.80581
2026-07-13 00:00:00,63780.0,64425.0,63568.0,64072.01,1134.90308
2026-07-13 01:00:00,64072.0,64072.01,63376.53,63412.01,1113.66129
2026-07-13 02:00:00,63412.01,63541.94,63237.26,63375.99,621.99474
2026-07-13 03:00:00,63376.0,63382.95,62741.04,62806.41,1068.82271
2026-07-13 04:00:00,62806.41,62911.94,62620.13,62672.0,670.25607
2026-07-13 05:00:00,62672.0,62905.68,62500.76,62799.0,816.14848
2026-07-13 06:00:00,62799.01,62880.0,62710.45,62797.55,385.11506
2026-07-13 07:00:00,62797.55,63070.01,62753.69,62985.52,1476.1879
2026-07-13 08:00:00,62985.53,63302.88,62935.92,63206.97,1893.03927
2026-07-13 09:00:00,63206.98,63210.0,63086.12,63100.02,663.43575
2026-07-13 10:00:00,63100.02,63157.85,62862.28,62867.89,788.29364
2026-07-13 11:00:00,62867.9,63135.55,62867.9,62901.99,458.30123
2026-07-13 12:00:00,62901.99,62990.04,62570.0,62625.15,689.69237
2026-07-13 13:00:00,62625.15,62766.37,62164.0,62318.0,2175.34811
2026-07-13 14:00:00,62318.01,62794.97,62101.0,62791.85,1780.86024
2026-07-13 15:00:00,62791.85,62983.83,62559.58,62618.01,1226.00074
2026-07-13 16:00:00,62618.0,62629.35,62212.0,62276.0,970.69108
2026-07-13 17:00:00,62276.01,62370.0,61900.0,61904.99,1161.78052
2026-07-13 18:00:00,61904.99,62100.0,61824.97,62020.0,662.51495
2026-07-13 19:00:00,62020.0,62292.84,61990.0,62288.23,503.43262
2026-07-13 20:00:00,62288.23,62324.74,62050.71,62210.99,294.43026
2026-07-13 21:00:00,62211.0,62216.35,61897.45,62065.06,385.18322
2026-07-13 22:00:00,62065.05,62224.0,61911.31,61924.0,386.45256
2026-07-13 23:00:00,61924.0,62347.46,61882.88,62334.52,355.95615
2026-07-14 00:00:00,62334.52,62666.66,62272.2,62549.54,827.98236
2026-07-14 01:00:00,62549.55,62640.0,62460.03,62540.42,471.32047
2026-07-14 02:00:00,62540.41,62645.0,62329.98,62544.0,510.10327
2026-07-14 03:00:00,62544.0,62604.0,62314.0,62572.89,439.89615
2026-07-14 04:00:00,62572.88,62768.95,62539.71,62745.23,314.71779
2026-07-14 05:00:00,62745.24,62872.0,62697.69,62737.0,625.4247
2026-07-14 06:00:00,62737.0,62772.48,62566.01,62624.05,742.03175
2026-07-14 07:00:00,62624.06,62655.99,62516.93,62560.92,406.16223
2026-07-14 08:00:00,62560.92,62807.94,62500.0,62713.85,377.86259
2026-07-14 09:00:00,62713.85,62742.0,62534.29,62629.55,614.55321
2026-07-14 10:00:00,62629.56,62908.8,62609.47,62800.0,437.22084
2026-07-14 11:00:00,62800.01,62923.06,62713.6,62844.99,302.90008
2026-07-14 12:00:00,62844.99,63989.54,62780.84,63960.0,3109.78866
2026-07-14 13:00:00,63959.99,64181.99,63699.03,63840.01,1522.71413
2026-07-14 14:00:00,63840.01,64346.49,63580.99,64305.02,1089.85313
2026-07-14 15:00:00,64305.01,64966.43,64194.64,64743.99,3074.26518
2026-07-14 16:00:00,64744.0,64896.86,64606.0,64730.0,1264.07966
2026-07-14 17:00:00,64730.01,64730.01,64231.77,64621.43,1156.00933
2026-07-14 18:00:00,64621.43,64648.88,64477.23,64571.98,502.24971
2026-07-14 19:00:00,64571.99,64704.0,64487.38,64569.59,367.96179
2026-07-14 20:00:00,64569.59,64599.0,64419.99,64572.02,281.25074
2026-07-14 21:00:00,64572.02,64893.92,64526.0,64676.9,427.49727
2026-07-14 22:00:00,64676.89,65100.0,64516.0,64860.89,1268.06322
2026-07-14 23:00:00,64860.89,65048.0,64782.0,65043.98,418.50558
2026-07-15 00:00:00,65043.99,65065.01,64765.12,64824.58,352.45343
2026-07-15 01:00:00,64824.57,64853.08,64644.48,64674.35,610.20031
2026-07-15 02:00:00,64674.35,64755.99,64488.0,64490.87,350.99185
2026-07-15 03:00:00,64490.87,64840.0,64490.86,64792.01,379.79444
2026-07-15 04:00:00,64792.0,64885.99,64714.0,64746.01,289.24746
2026-07-15 05:00:00,64746.01,64964.96,64602.5,64944.06,686.5094
2026-07-15 06:00:00,64944.06,65277.37,64814.0,64814.0,974.06143
2026-07-15 07:00:00,64814.01,64876.0,64485.0,64549.34,1209.74716
2026-07-15 08:00:00,64549.33,64797.02,64549.33,64768.01,958.47053
2026-07-15 09:00:00,64768.0,64917.94,64653.18,64671.83,542.47841
2026-07-15 10:00:00,64671.84,64855.56,64614.0,64663.0,316.30209
2026-07-15 11:00:00,64663.0,64767.37,64616.11,64732.15,500.13863
2026-07-15 12:00:00,64732.15,65249.9,64606.0,65164.0,1837.40143
2026-07-15 13:00:00,65164.0,65577.0,64888.0,65117.99,1942.12357
2026-07-15 14:00:00,65118.0,65517.05,65070.0,65399.81,1187.13269
2026-07-15 15:00:00,65399.8,65600.0,65261.71,65427.61,1153.25811
2026-07-15 16:00:00,65427.6,65470.0,64784.83,65120.79,1423.19665
2026-07-15 17:00:00,65120.8,65194.72,64972.95,65056.1,1119.69712
2026-07-15 18:00:00,65056.1,65143.57,64847.42,64860.0,1076.85531
2026-07-15 19:00:00,64860.0,65000.0,64738.49,64977.34,377.96921
2026-07-15 20:00:00,64977.34,65055.39,64899.0,64968.01,239.51973
2026-07-15 21:00:00,64968.02,65018.74,64789.89,64834.31,289.23644
2026-07-15 22:00:00,64834.31,64982.47,64772.0,64866.93,275.16571
2026-07-15 23:00:00,64866.93,64938.0,64691.89,64756.28,309.9463
2026-07-16 00:00:00,64756.28,64845.5,64500.0,64584.07,762.20624
2026-07-16 01:00:00,64584.07,64830.0,64392.01,64730.01,462.87658
2026-07-16 02:00:00,64730.0,64735.09,64574.02,64642.01,327.49099
2026-07-16 03:00:00,64642.0,64745.55,64555.0,64619.95,221.04888
2026-07-16 04:00:00,64619.96,64692.0,64544.04,64650.05,615.61718
2026-07-16 05:00:00,64650.05,64997.52,64592.67,64917.99,618.6053
2026-07-16 06:00:00,64917.99,64978.0,64630.01,64777.32,355.62558
2026-07-16 07:00:00,64777.33,64777.33,64086.12,64238.0,1138.76345
2026-07-16 08:00:00,64238.0,64380.0,63888.0,64126.85,3967.6065
2026-07-16 09:00:00,64126.86,64186.83,64019.02,64090.0,3387.73889
2026-07-16 10:00:00,64090.0,64269.42,64077.75,64221.34,351.18175
2026-07-16 11:00:00,64221.34,64269.42,64101.0,64256.53,377.01841
2026-07-16 12:00:00,64256.52,64256.52,63838.28,63966.01,728.30687
2026-07-16 13:00:00,63966.01,64480.0,63961.14,64376.0,827.04997
2026-07-16 14:00:00,64375.99,64863.07,64332.57,64543.51,993.97642
2026-07-16 15:00:00,64543.51,64896.0,64320.0,64704.73,620.57363
2026-07-16 16:00:00,64704.73,64712.0,64333.33,64484.0,523.57946
2026-07-16 17:00:00,64484.01,64484.01,63984.09,64069.03,616.12218
2026-07-16 18:00:00,64069.04,64330.0,64052.14,64246.01,275.58322
2026-07-16 19:00:00,64246.01,64301.99,64152.0,64271.84,368.59969
2026-07-16 20:00:00,64271.85,64276.0,64108.0,64114.27,169.71905
2026-07-16 21:00:00,64114.25,64253.25,64101.18,64161.99,188.0978
2026-07-16 22:00:00,64162.0,64240.12,63950.01,63968.0,351.60652
2026-07-16 23:00:00,63968.01,64010.58,63748.74,63830.2,515.53223
2026-07-17 00:00:00,63830.2,63912.0,63612.62,63886.0,435.36884
2026-07-17 01:00:00,63886.0,64067.69,63476.0,63546.24,735.77497
2026-07-17 02:00:00,63546.25,63657.99,63380.28,63482.0,818.39465
2026-07-17 03:00:00,63482.0,63720.0,63482.0,63570.0,676.04775
2026-07-17 04:00:00,63570.0,63576.0,63320.0,63486.01,490.83509
2026-07-17 05:00:00,63486.01,63486.01,62804.3,62839.76,1190.44758
2026-07-17 06:00:00,62839.77,62998.52,62710.0,62948.0,1200.24888
2026-07-17 07:00:00,62948.0,62983.99,62800.0,62828.11,1288.47496
2026-07-17 08:00:00,62828.11,62939.04,62666.0,62888.0,838.1557
2026-07-17 09:00:00,62888.01,63069.06,62852.89,62989.46,603.45822
2026-07-17 10:00:00,62989.47,63201.91,62989.47,63179.92,534.56662
2026-07-17 11:00:00,63179.91,63361.7,63063.67,63298.01,617.19974
2026-07-17 12:00:00,63298.0,63348.0,63069.09,63099.75,618.64826
2026-07-17 13:00:00,63099.75,63180.0,62537.56,63153.99,1381.50027
2026-07-17 14:00:00,63154.0,63518.0,63051.77,63174.0,1199.38162
2026-07-17 15:00:00,63174.01,63452.0,62856.16,63452.0,702.84059
2026-07-17 16:00:00,63452.0,63706.75,63312.01,63594.0,881.75053
2026-07-17 17:00:00,63594.0,64228.27,63594.0,64049.86,1210.18889
2026-07-17 18:00:00,64049.85,64387.99,63894.0,64259.73,761.86335
2026-07-17 19:00:00,64259.73,64259.73,63981.2,64160.8,578.45246
2026-07-17 20:00:00,64160.8,64192.57,63958.19,64120.0,456.18305
2026-07-17 21:00:00,64120.01,64216.61,64064.0,64110.0,284.21145
2026-07-17 22:00:00,64110.01,64147.0,63903.63,63986.0,255.88006
2026-07-17 23:00:00,63986.01,64011.08,63884.35,63931.67,430.02036
2026-07-18 00:00:00,63931.67,64012.39,63895.33,63910.04,217.92923
2026-07-18 01:00:00,63910.05,64000.0,63886.65,63952.98,200.93158
2026-07-18 02:00:00,63952.97,64032.6,63930.54,63967.61,372.4998
2026-07-18 03:00:00,63967.61,64017.85,63928.15,64017.84,578.99589
2026-07-18 04:00:00,64017.84,64017.85,63947.09,63967.99,311.74394
2026-07-18 05:00:00,63968.0,63998.0,63926.39,63967.95,153.28461
2026-07-18 06:00:00,63967.95,64005.99,63950.0,63979.67,193.68533
2026-07-18 07:00:00,63979.67,64026.03,63974.94,64002.75,290.3862
2026-07-18 08:00:00,64002.75,64019.64,63960.0,64006.01,293.43528
2026-07-18 09:00:00,64006.01,64006.01,63887.73,63987.76,286.53507
2026-07-18 10:00:00,63987.77,64026.39,63982.34,64016.43,264.0947
2026-07-18 11:00:00,64016.43,64097.22,64010.99,64069.89,259.43503
2026-07-18 12:00:00,64069.89,64274.47,64057.27,64218.0,554.94465
2026-07-18 13:00:00,64218.01,64218.01,63963.0,64106.0,300.90627
2026-07-18 14:00:00,64105.99,64195.01,64101.42,64126.0,182.82691
2026-07-18 15:00:00,64126.0,64163.99,64037.45,64123.12,202.91031
2026-07-18 16:00:00,64123.13,64314.0,64091.48,64303.47,325.76583
2026-07-18 17:00:00,64303.48,64492.0,64280.22,64480.29,572.40254
2026-07-18 18:00:00,64480.28,64669.5,64462.0,64512.41,531.00754
2026-07-18 19:00:00,64512.41,64597.9,64482.0,64552.79,294.01495
2026-07-18 20:00:00,64552.8,64739.64,64528.69,64693.01,554.55726
2026-07-18 21:00:00,64693.02,64846.83,64614.36,64731.72,365.29033
2026-07-18 22:00:00,64731.73,64865.0,64712.29,64805.05,503.12891
2026-07-18 23:00:00,64805.04,64843.3,64709.28,64834.22,220.46796
2026-07-19 00:00:00,64834.21,64906.4,64769.47,64792.08,443.04046
2026-07-19 01:00:00,64792.08,64792.09,64765.99,64765.99,211.03912
2026-07-19 02:00:00,64766.0,64967.25,64700.84,64826.01,574.09127
2026-07-19 03:00:00,64826.01,64842.92,64620.44,64706.18,416.11384
2026-07-19 04:00:00,64706.18,64795.43,64610.89,64720.17,249.31584
2026-07-19 05:00:00,64720.17,64815.65,64676.0,64724.01,206.27533
2026-07-19 06:00:00,64724.0,64759.33,64694.66,64711.69,244.79532
2026-07-19 07:00:00,64711.69,64784.0,64675.0,64711.05,401.27453
2026-07-19 08:00:00,64711.04,64743.0,64631.54,64707.49,602.66232
2026-07-19 09:00:00,64707.48,64725.74,64500.0,64509.99,392.93472
2026-07-19 10:00:00,64510.0,64700.0,64482.0,64595.0,334.64364
2026-07-19 11:00:00,64595.0,64636.28,64445.0,64467.64,208.69371
2026-07-19 12:00:00,64467.65,64467.65,64285.24,64441.15,549.2859
2026-07-19 13:00:00,64441.16,64516.33,64307.72,64483.31,325.94592
2026-07-19 14:00:00,64483.32,64663.04,64425.24,64593.07,328.9706
2026-07-19 15:00:00,64593.07,64620.0,64500.0,64585.32,260.30458
2026-07-19 16:00:00,64585.33,64644.0,64505.21,64538.72,321.63819
2026-07-19 17:00:00,64538.72,64752.0,64406.3,64547.86,402.19584
2026-07-19 18:00:00,64547.86,64554.0,64280.0,64419.99,321.71164
2026-07-19 19:00:00,64420.0,64467.82,64352.0,64462.58,115.02705
2026-07-19 20:00:00,64462.58,64560.0,64462.57,64535.99,100.52602
2026-07-19 21:00:00,64536.0,64562.55,64350.0,64415.75,221.49991
2026-07-19 22:00:00,64415.75,64900.0,64347.89,64674.67,828.28879
2026-07-19 23:00:00,64674.66,64772.0,64572.0,64722.54,319.6402
2026-07-20 00:00:00,64722.55,65107.99,64416.0,64553.84,736.05935
2026-07-20 01:00:00,64553.85,65029.4,64506.0,64628.01,401.29098
2026-07-20 02:00:00,64628.01,64964.0,64585.0,64827.2,378.92701
2026-07-20 03:00:00,64827.19,64914.93,64644.01,64869.8,340.53514
2026-07-20 04:00:00,64869.79,64869.99,64540.0,64540.01,333.38076
2026-07-20 05:00:00,64540.0,64562.0,64082.7,64128.0,978.47191
2026-07-20 06:00:00,64128.01,64220.0,63765.83,63917.98,852.13818
2026-07-20 07:00:00,63917.99,64315.96,63896.0,64280.01,998.28115
2026-07-20 08:00:00,64280.01,64356.0,63100.0,64049.99,3901.45477
2026-07-20 09:00:00,64050.0,64276.0,64012.8,64199.5,508.64903
2026-07-20 10:00:00,64199.51,64415.42,64162.0,64301.18,339.54836
2026-07-20 11:00:00,64301.18,65068.0,64273.33,65002.01,1040.02207
2026-07-20 12:00:00,65002.0,65002.83,64599.89,64640.0,1301.45682
2026-07-20 13:00:00,64640.0,64763.67,64208.0,64344.01,1171.73283
2026-07-20 14:00:00,64344.01,64575.37,64077.76,64416.01,811.23879
2026-07-20 15:00:00,64416.01,65666.8,64398.15,65598.75,2563.16846
2026-07-20 16:00:00,65598.75,65637.7,65336.0,65508.5,1056.62117
2026-07-20 17:00:00,65508.5,65646.55,65342.52,65587.98,673.41436
2026-07-20 18:00:00,65587.99,65799.0,65204.0,65240.01,708.20295
2026-07-20 19:00:00,65240.01,65274.58,65041.05,65142.0,856.15121
2026-07-20 20:00:00,65142.0,65438.0,65061.92,65367.58,339.09983
2026-07-20 21:00:00,65367.57,65445.27,65272.32,65286.02,264.99229
2026-07-20 22:00:00,65286.02,65286.02,65092.66,65141.99,333.37114
2026-07-20 23:00:00,65142.0,65272.21,65128.17,65255.51,435.27846
2026-07-21 00:00:00,65255.51,65585.0,65148.75,65568.01,685.78688
2026-07-21 01:00:00,65568.0,65658.78,65232.65,65235.55,421.8846
2026-07-21 02:00:00,65235.56,65500.0,65176.2,65414.01,382.21075
2026-07-21 03:00:00,65414.01,65593.11,65411.74,65566.78,795.51369
2026-07-21 04:00:00,65566.77,65742.58,65471.69,65522.01,600.76388
2026-07-21 05:00:00,65522.0,65933.24,65485.55,65751.56,864.8195
2026-07-21 06:00:00,65751.56,65991.05,65634.0,65913.0,733.43884
2026-07-21 07:00:00,65913.0,66245.64,65866.0,66186.86,1338.71722
2026-07-21 08:00:00,66186.86,66354.0,66129.19,66226.44,1032.71252
2026-07-21 09:00:00,66226.43,66350.0,66144.0,66291.99,472.96398
2026-07-21 10:00:00,66292.0,66420.65,66176.55,66180.0,1179.04438
2026-07-21 11:00:00,66180.0,66350.0,66147.82,66345.59,752.24871
2026-07-21 12:00:00,66345.59,66640.0,66255.73,66558.82,1002.49408
2026-07-21 13:00:00,66558.81,66810.97,66315.62,66786.0,1358.43796
2026-07-21 14:00:00,66786.0,66956.15,66648.27,66842.3,1722.33044
2026-07-21 15:00:00,66842.29,66842.3,66517.52,66676.54,948.73464
2026-07-21 16:00:00,66676.53,66764.0,66462.32,66542.01,672.73654
2026-07-21 17:00:00,66542.01,66567.59,66052.63,66207.95,1024.8098
2026-07-21 18:00:00,66207.96,66358.0,66098.71,66319.95,619.31647
2026-07-21 19:00:00,66319.96,66502.8,66264.12,66444.76,623.55174
2026-07-21 20:00:00,66444.76,66496.0,66359.3,66406.57,288.41886
2026-07-21 21:00:00,66406.58,66408.26,66290.0,66385.0,330.71956
2026-07-21 22:00:00,66385.0,66388.35,66204.0,66304.02,432.0724
2026-07-21 23:00:00,66304.02,66576.0,66228.55,66556.16,334.55343
2026-07-22 00:00:00,66556.15,66739.89,66525.54,66620.97,961.25987
2026-07-22 01:00:00,66620.97,66661.79,66282.65,66433.3,801.8459
2026-07-22 02:00:00,66433.29,66532.26,66298.0,66314.12,584.2039
2026-07-22 03:00:00,66314.12,66371.27,66176.0,66210.0,535.35393
2026-07-22 04:00:00,66209.99,66424.0,66198.0,66381.05,1016.50384
2026-07-22 05:00:00,66381.05,66381.05,65944.51,65974.9,732.84767
2026-07-22 06:00:00,65974.9,66026.93,65830.94,65934.33,677.13061
2026-07-22 07:00:00,65934.34,65968.9,65701.0,65843.48,1698.20928
2026-07-22 08:00:00,65843.48,66164.57,65843.47,65987.96,1762.03259
2026-07-22 09:00:00,65987.97,66082.5,65850.0,65928.0,1983.57551
2026-07-22 10:00:00,65928.01,66116.36,65898.0,66046.02,636.27622
2026-07-22 11:00:00,66046.01,66092.59,65909.16,66013.36,789.42664
2026-07-22 12:00:00,66013.36,66013.37,65553.67,65636.01,572.31956
2026-07-22 13:00:00,65636.01,65982.28,65559.66,65951.39,762.44551
2026-07-22 14:00:00,65951.38,66204.98,65588.0,65793.98,977.66799
2026-07-22 15:00:00,65793.98,66125.0,65793.98,66047.39,689.66439
2026-07-22 16:00:00,66047.38,66384.0,65911.6,66229.01,531.34681
2026-07-22 17:00:00,66229.01,66275.29,65944.0,66024.03,332.68865
2026-07-22 18:00:00,66024.02,66075.91,65726.08,65895.46,372.67709
2026-07-22 19:00:00,65895.46,65958.56,65691.93,65923.19,284.49057
2026-07-22 20:00:00,65923.19,65986.0,65791.79,65919.68,303.33342
2026-07-22 21:00:00,65919.67,66133.98,65892.64,66072.47,345.28683
2026-07-22 22:00:00,66072.48,66080.94,65932.0,66044.17,283.8249
2026-07-22 23:00:00,66044.17,66138.24,65844.3,66114.49,440.45434
2026-07-23 00:00:00,66114.5,66313.14,66054.58,66058.19,818.52742
2026-07-23 01:00:00,66058.2,66208.0,65751.0,65830.0,911.89269
2026-07-23 02:00:00,65830.0,65843.25,65653.23,65805.34,489.67764
2026-07-23 03:00:00,65805.35,65816.0,65585.11,65662.53,518.12407
2026-07-23 04:00:00,65662.53,65738.99,65590.12,65616.48,673.83221
2026-07-23 05:00:00,65616.49,65797.93,65570.12,65691.01,258.16071
2026-07-23 06:00:00,65691.01,65821.17,65625.2,65790.0,198.22051
2026-07-23 07:00:00,65790.0,65790.0,65351.02,65442.13,625.4986
2026-07-23 08:00:00,65442.12,65665.99,65419.75,65633.0,617.22753
2026-07-23 09:00:00,65632.99,65757.99,65608.18,65638.92,505.16907
2026-07-23 10:00:00,65638.92,65792.09,65589.69,65740.0,314.19369
2026-07-23 11:00:00,65740.0,65740.01,65540.93,65555.21,260.87827
2026-07-23 12:00:00,65555.21,65589.41,64988.05,65167.04,1080.21623
2026-07-23 13:00:00,65167.05,65221.29,64863.62,64880.0,1019.68548
2026-07-23 14:00:00,64880.0,65216.24,64822.13,64909.99,1122.58373
2026-07-23 15:00:00,64910.0,65023.68,64728.0,64958.36,1087.45523
2026-07-23 16:00:00,64958.37,64961.15,64704.57,64756.84,823.97347
2026-07-23 17:00:00,64756.84,64900.0,64650.0,64681.27,610.54166
2026-07-23 18:00:00,64681.26,64948.05,64680.0,64869.12,473.57506
2026-07-23 19:00:00,64869.13,64934.75,64686.56,64846.94,525.37224
2026-07-23 20:00:00,64846.93,65217.93,64834.52,65147.5,435.69297
2026-07-23 21:00:00,65147.5,65210.35,65014.0,65169.81,348.6782
2026-07-23 22:00:00,65169.82,65227.99,65013.94,65195.43,465.02672
2026-07-23 23:00:00,65195.43,65235.43,65052.01,65098.97,514.02333
2026-07-24 00:00:00,65098.98,65113.86,64762.18,64973.99,343.41298
2026-07-24 01:00:00,64974.0,65168.0,64944.37,65086.0,666.39562
2026-07-24 02:00:00,65086.0,65187.57,64925.45,65116.99,432.3739
2026-07-24 03:00:00,65116.99,65464.35,65078.0,65456.7,382.6998
2026-07-24 04:00:00,65456.7,65469.86,65272.26,65318.0,299.6958
2026-07-24 05:00:00,65318.01,65394.0,65248.0,65325.0,372.30415
2026-07-24 06:00:00,65325.01,65519.93,65278.07,65472.0,914.26438
2026-07-24 07:00:00,65472.0,65808.59,65320.69,65499.95,1219.60281
2026-07-24 08:00:00,65499.94,65508.17,65302.18,65302.18,306.26025
2026-07-24 09:00:00,65302.18,65314.66,64952.38,65113.13,478.93491
2026-07-24 10:00:00,65113.13,65157.99,64906.85,64950.0,716.12782
2026-07-24 11:00:00,64950.01,65099.99,64857.14,65083.43,751.17375
2026-07-24 12:00:00,65083.42,65133.99,64766.0,64780.01,507.45117
2026-07-24 13:00:00,64780.0,64802.0,63920.01,64155.46,2007.68582
2026-07-24 14:00:00,64155.47,64198.3,63739.75,64055.12,1591.08926
2026-07-24 15:00:00,64055.11,64333.33,63858.0,64093.85,1939.18979
2026-07-24 16:00:00,64093.86,64200.0,63881.46,63958.0,529.35925
2026-07-24 17:00:00,63958.01,64202.91,63905.51,64180.0,525.47557
2026-07-24 18:00:00,64180.0,64290.1,64129.75,64272.0,390.98725
2026-07-24 19:00:00,64272.01,64292.44,64141.18,64225.32,579.59462
2026-07-24 20:00:00,64225.32,64288.02,64128.89,64170.23,214.82759
2026-07-24 21:00:00,64170.24,64258.73,64122.29,64155.0,651.81342
2026-07-24 22:00:00,64155.0,64216.27,64121.86,64169.01,587.59798
2026-07-24 23:00:00,64169.01,64187.4,64134.71,64139.99,412.95391
2026-07-25 00:00:00,64140.0,64179.03,64033.18,64073.61,386.54772
2026-07-25 01:00:00,64073.61,64160.0,64006.55,64068.01,493.07694
2026-07-25 02:00:00,64068.0,64099.99,64017.87,64052.0,479.58839
2026-07-25 03:00:00,64052.01,64105.61,64016.65,64085.36,469.51581
2026-07-25 04:00:00,64085.36,64205.67,64085.15,64181.46,171.38031
2026-07-25 05:00:00,64181.45,64199.76,63980.01,64024.0,245.62438
2026-07-25 06:00:00,64024.0,64063.37,63964.57,64010.0,248.54758
2026-07-25 07:00:00,64010.0,64038.52,64000.0,64003.2,408.36611
2026-07-25 08:00:00,64003.2,64010.01,63810.0,63876.06,507.52898
2026-07-25 09:00:00,63876.07,64024.72,63830.0,63999.99,1813.6121
2026-07-25 10:00:00,64000.0,64070.0,63996.0,64070.0,200.57959
2026-07-25 11:00:00,64069.99,64113.0,64047.09,64064.01,226.46632
2026-07-25 12:00:00,64064.01,64123.8,64043.0,64123.8,179.4102
2026-07-25 13:00:00,64123.8,64267.78,64106.74,64172.0,285.46591
2026-07-25 14:00:00,64172.01,64217.09,64126.0,64214.04,270.20323
2026-07-25 15:00:00,64214.05,64272.0,64169.99,64182.0,193.98029
2026-07-25 16:00:00,64182.01,64241.71,64123.0,64206.6,126.61028
2026-07-25 17:00:00,64206.61,64356.0,64194.37,64267.4,187.81706
2026-07-25 18:00:00,64267.41,64475.28,64267.41,64415.99,314.52068
2026-07-25 19:00:00,64415.99,64438.12,64388.38,64388.38,219.4973
2026-07-25 20:00:00,64388.39,64392.74,64313.0,64339.75,213.90166
2026-07-25 21:00:00,64339.75,64430.0,64263.03,64344.02,177.06463
2026-07-25 22:00:00,64344.02,64426.0,64344.01,64412.0,625.93723
2026-07-25 23:00:00,64412.01,64429.38,64363.0,64375.0,417.8076
2026-07-26 00:00:00,64375.01,64507.0,64350.0,64506.99,256.73658
2026-07-26 01:00:00,64506.99,64541.66,64456.67,64462.0,277.18148
2026-07-26 02:00:00,64462.0,64527.59,64427.59,64527.56,117.0226
2026-07-26 03:00:00,64527.57,64582.0,64488.73,64557.0,304.96319
2026-07-26 04:00:00,64557.0,64599.95,64491.73,64530.06,425.16453
2026-07-26 05:00:00,64530.06,64530.07,64403.95,64417.69,131.14508
2026-07-26 06:00:00,64417.68,64457.55,64293.81,64438.0,408.23581
2026-07-26 07:00:00,64438.01,64460.0,64341.99,64370.0,273.49735
2026-07-26 08:00:00,64370.0,64493.99,64353.0,64480.01,204.14991
2026-07-26 09:00:00,64480.02,64549.02,64478.38,64538.0,164.82486
2026-07-26 10:00:00,64538.01,64573.73,64497.62,64515.4,137.0474
2026-07-26 11:00:00,64515.39,64535.99,64495.17,64507.35,174.84399
2026-07-26 12:00:00,64507.36,64662.99,64434.0,64466.67,319.29329
2026-07-26 13:00:00,64466.68,64571.42,64414.0,64518.0,319.1541
2026-07-26 14:00:00,64517.99,64768.23,64517.99,64712.99,504.24215
2026-07-26 15:00:00,64713.0,64827.0,64673.42,64768.0,313.86895
2026-07-26 16:00:00,64768.0,64940.51,64703.23,64734.17,420.05042
2026-07-26 17:00:00,64734.17,64794.45,64668.91,64697.2,347.81315
2026-07-26 18:00:00,64697.21,64769.99,64668.91,64734.38,114.76281
2026-07-26 19:00:00,64734.39,64753.0,64671.91,64695.52,369.55718
2026-07-26 20:00:00,64695.52,64703.36,64631.57,64649.04,120.01782
2026-07-26 21:00:00,64649.04,64924.0,64649.03,64858.02,268.26505
2026-07-26 22:00:00,64858.03,65502.6,64858.03,65412.68,1331.07392
2026-07-26 23:00:00,65412.69,65577.0,65273.76,65399.99,630.14927
2026-07-27 00:00:00,65400.0,65418.81,65065.46,65131.95,465.77387
2026-07-27 01:00:00,65131.96,65225.75,64892.03,65206.21,478.78723
2026-07-27 02:00:00,65206.21,65281.64,65118.08,65172.0,475.81825
2026-07-27 03:00:00,65172.02,65367.73,65161.99,65284.0,519.18282
2026-07-27 04:00:00,65284.0,65500.0,65242.69,65282.8,331.55981
2026-07-27 05:00:00,65282.81,65493.38,65282.8,65468.38,284.79372
2026-07-27 06:00:00,65468.38,65744.6,65404.9,65416.76,867.3473
2026-07-27 07:00:00,65416.77,65447.02,65217.16,65221.99,1066.09119
2026-07-27 08:00:00,65221.99,65258.0,65128.85,65162.98,724.97518
2026-07-27 09:00:00,65162.98,65348.17,65100.0,65262.17,1478.16072
2026-07-27 10:00:00,65262.18,65432.0,65230.01,65333.35,412.29993
2026-07-27 11:00:00,65333.35,65333.36,65092.0,65100.79,287.15002
2026-07-27 12:00:00,65100.79,65255.76,64836.0,65086.0,587.73231
2026-07-27 13:00:00,65086.0,65718.0,64913.12,65217.37,1076.54142
2026-07-27 14:00:00,65217.38,65431.9,64459.82,64687.45,1132.47674
2026-07-27 15:00:00,64687.45,64776.0,64418.01,64554.01,596.28993
2026-07-27 16:00:00,64554.0,64970.93,64517.78,64898.52,473.37301
2026-07-27 17:00:00,64898.53,65090.0,64794.37,65019.81,404.49207
2026-07-27 18:00:00,65019.81,65058.32,64755.67,64878.0,323.26344
2026-07-27 19:00:00,64878.0,65078.0,64810.9,64984.0,291.82434
2026-07-27 20:00:00,64983.99,65056.0,64908.01,64960.65,197.69959
2026-07-27 21:00:00,64960.64,64960.65,64790.28,64821.25,238.07403
2026-07-27 22:00:00,64821.26,64821.26,63792.0,63792.0,1130.54656
2026-07-27 23:00:00,63792.01,63940.27,63605.56,63755.86,947.65195
2026-07-28 00:00:00,63755.86,63827.49,63469.3,63487.88,711.04544
2026-07-28 01:00:00,63487.88,63529.89,63059.39,63230.83,1245.20979
2026-07-28 02:00:00,63230.82,63305.94,63108.0,63185.59,429.21894
2026-07-28 03:00:00,63185.59,63375.39,63168.01,63343.83,728.50056
2026-07-28 04:00:00,63343.82,63361.85,63221.26,63350.95,343.17382
2026-07-28 05:00:00,63350.95,63623.5,63323.09,63451.61,390.51839
2026-07-28 06:00:00,63451.62,63660.72,63395.13,63640.63,460.72288
2026-07-28 07:00:00,63640.63,63668.71,63455.58,63505.99,985.9853
2026-07-28 08:00:00,63506.0,63546.36,63406.11,63428.08,281.48766
2026-07-28 09:00:00,63428.07,63581.33,63368.81,63393.99,315.43759
2026-07-28 10:00:00,63393.99,63555.18,63294.0,63473.47,416.0357
2026-07-28 11:00:00,63473.48,63593.0,63352.0,63450.0,405.45329
2026-07-28 12:00:00,63449.99,63570.0,63364.96,63546.65,440.98415
2026-07-28 13:00:00,63546.65,63588.0,62742.47,63104.0,1615.91422
2026-07-28 14:00:00,63104.0,63550.0,62965.38,63412.45,868.98588
2026-07-28 15:00:00,63412.45,64026.62,63269.28,63928.47,945.11572
2026-07-28 16:00:00,63928.46,64100.0,63773.65,64043.26,517.94749
2026-07-28 17:00:00,64043.27,64043.27,63504.0,63685.88,527.24876
2026-07-28 18:00:00,63685.88,63849.09,63672.26,63734.49,311.5129
2026-07-28 19:00:00,63734.49,63904.0,63675.93,63904.0,333.27009
2026-07-28 20:00:00,63904.0,64018.39,63880.0,63917.55,300.22119
2026-07-28 21:00:00,63917.55,64073.3,63892.0,63972.44,227.23863
2026-07-28 22:00:00,63972.44,64020.76,63768.47,63783.71,319.67019
2026-07-28 23:00:00,63783.72,63956.4,63562.0,63915.0,768.93138
2026-07-29 00:00:00,63915.0,64200.0,63873.54,63953.99,862.01004
2026-07-29 01:00:00,63954.0,63999.0,63690.0,63705.06,643.74129
2026-07-29 02:00:00,63705.07,64132.42,63658.0,63979.96,459.75103
2026-07-29 03:00:00,63979.96,64002.0,63710.0,63753.03,381.54189
2026-07-29 04:00:00,63753.04,63970.92,63598.0,63968.34,635.48596
2026-07-29 05:00:00,63968.34,64094.2,63890.07,64067.32,612.17163
2026-07-29 06:00:00,64067.32,64471.0,64026.64,64435.62,959.62083
2026-07-29 07:00:00,64435.63,64575.99,64402.67,64561.0,512.31101
2026-07-29 08:00:00,64561.01,64588.0,64283.83,64417.31,442.88681
2026-07-29 09:00:00,64417.31,64744.81,64386.94,64698.0,689.93306
2026-07-29 10:00:00,64698.01,64718.0,64410.24,64469.83,337.46395
2026-07-29 11:00:00,64469.84,64591.73,64422.5,64507.54,317.77588
2026-07-29 12:00:00,64507.53,64507.54,64215.93,64276.81,475.5158
2026-07-29 13:00:00,64276.82,64667.18,64139.68,64664.7,795.5697
2026-07-29 14:00:00,64664.69,64718.87,64047.71,64108.01,736.50705
2026-07-29 15:00:00,64108.01,64195.0,63886.0,63964.01,727.70384
2026-07-29 16:00:00,63964.01,64146.53,63624.15,63808.33,758.02868
2026-07-29 17:00:00,63808.33,64286.71,63709.19,64269.83,486.13508
2026-07-29 18:00:00,64269.83,64648.79,63758.0,64501.52,1896.70634
2026-07-29 19:00:00,64501.52,64600.0,63511.0,63589.46,1453.05091
2026-07-29 20:00:00,63589.46,63746.42,63378.09,63522.01,788.59239
2026-07-29 21:00:00,63522.01,63860.0,63267.34,63860.0,771.02443
2026-07-29 22:00:00,63860.0,64131.44,63859.99,63942.5,704.70887
2026-07-29 23:00:00,63942.5,64067.12,63899.0,63984.28,331.88265
2026-07-30 00:00:00,63984.29,64125.61,63603.92,63696.72,649.94769
2026-07-30 01:00:00,63696.73,64370.0,63690.0,64266.0,686.07285
2026-07-30 02:00:00,64266.01,64411.76,64159.63,64189.99,575.1734
2026-07-30 03:00:00,64190.0,64300.91,64133.99,64161.98,422.8264
2026-07-30 04:00:00,64161.98,64180.0,64008.5,64023.99,927.45873
2026-07-30 05:00:00,64024.0,64182.0,63907.85,64033.89,766.12333
2026-07-30 06:00:00,64033.9,64080.0,63957.2,64002.0,642.99866
2026-07-30 07:00:00,64001.99,64144.06,63943.29,64026.0,710.04842
2026-07-30 08:00:00,64026.0,64358.99,63980.54,64308.01,1143.21426
2026-07-30 09:00:00,64308.01,64641.37,64283.8,64567.56,2560.14823
2026-07-30 10:00:00,64567.55,64631.99,64562.0,64570.72,459.04462
2026-07-30 11:00:00,64570.72,64885.18,64542.73,64788.0,630.38864
2026-07-30 12:00:00,64788.01,65043.94,64788.0,64925.0,819.62205
2026-07-30 13:00:00,64925.0,65176.6,64689.02,65022.01,1173.19736
2026-07-30 14:00:00,65022.0,65042.0,64620.0,64683.97,1065.79722
2026-07-30 15:00:00,64683.97,64888.0,64607.31,64730.3,678.51535
2026-07-30 16:00:00,64730.29,64963.64,64729.56,64818.01,615.24584
2026-07-30 17:00:00,64818.01,64988.0,64772.0,64872.0,452.4677
2026-07-30 18:00:00,64871.99,64899.8,64688.0,64702.8,263.9882
2026-07-30 19:00:00,64702.8,64904.0,64702.79,64800.0,356.88836
2026-07-30 20:00:00,64800.0,64936.0,64752.12,64777.37,330.42092
2026-07-30 21:00:00,64777.38,64802.48,64700.34,64735.53,227.76045
2026-07-30 22:00:00,64735.53,65029.29,64668.91,64851.16,482.45748
2026-07-30 23:00:00,64851.16,65086.4,64740.0,64780.02,491.7787
2026-07-31 00:00:00,64780.03,64901.55,64690.29,64724.91,660.4309
2026-07-31 01:00:00,64724.92,65409.56,64480.44,64564.01,1217.00276
2026-07-31 02:00:00,64564.0,64614.0,64203.58,64297.79,855.65776
2026-07-31 03:00:00,64297.79,64439.81,64172.0,64370.0,548.04563
2026-07-31 04:00:00,64370.0,64438.0,64236.0,64300.0,391.13431
2026-07-31 05:00:00,64299.99,64421.68,64268.47,64363.06,529.40293
2026-07-31 06:00:00,64363.06,64496.64,64196.08,64231.97,503.77566
2026-07-31 07:00:00,64231.97,64245.57,63878.11,63950.01,3088.95651
2026-07-31 08:00:00,63950.01,63987.36,63784.67,63834.01,734.18718
2026-07-31 09:00:00,63834.01,63847.13,63638.18,63715.9,562.33026
2026-07-31 10:00:00,63715.91,63951.77,63610.0,63918.67,422.39058
2026-07-31 11:00:00,63918.68,64011.99,63792.01,63805.51,287.14604
2026-07-31 12:00:00,63805.5,63830.62,63627.66,63754.01,516.25828
2026-07-31 13:00:00,63754.01,63849.19,63241.71,63270.73,1511.53534
2026-07-31 14:00:00,63270.72,63310.0,62466.0,62682.06,3628.40429
2026-07-31 15:00:00,62682.05,62769.36,62490.24,62716.57,965.95557
2026-07-31 16:00:00,62716.57,62931.79,62709.01,62870.88,857.24803
2026-07-31 17:00:00,62870.87,63301.68,62800.0,63245.44,856.72938
2026-07-31 18:00:00,63245.44,63302.0,62966.0,63097.57,753.45664
2026-07-31 19:00:00,63097.57,63158.0,62936.29,62972.0,304.88916
2026-07-31 20:00:00,62972.0,63034.0,62928.35,62953.7,318.42027
2026-07-31 21:00:00,62953.7,63062.47,62846.0,62947.78,334.75985
2026-07-31 22:00:00,62947.77,63020.0,62870.01,62950.0,440.99494
2026-07-31 23:00:00,62950.01,63013.52,62860.64,62887.88,186.49459
2026-08-01 00:00:00,62887.88,63024.04,62887.87,62938.01,517.26897
2026-08-01 01:00:00,62938.01,62990.0,62923.47,62975.01,386.71985
2026-08-01 02:00:00,62975.0,63106.55,62975.0,63075.07,348.67082
2026-08-01 03:00:00,63075.08,63075.08,62970.65,63004.48,388.95582
2026-08-01 04:00:00,63004.47,63115.37,62993.2,63115.01,223.92941
2026-08-01 05:00:00,63115.0,63142.85,63000.85,63020.0,458.27671
2026-08-01 06:00:00,63020.0,63086.65,62992.82,63080.64,434.87477
2026-08-01 07:00:00,63080.65,63110.89,63034.0,63050.46,150.69173
2026-08-01 08:00:00,63050.45,63150.0,63050.45,63126.25,106.02817
2026-08-01 09:00:00,63126.25,63139.54,63046.33,63053.17,228.45152
2026-08-01 10:00:00,63053.17,63111.09,62986.31,63056.0,321.04349
2026-08-01 11:00:00,63055.99,63091.97,63037.72,63076.0,179.08594
2026-08-01 12:00:00,63076.0,63119.4,63076.0,63103.68,320.18632
2026-08-01 13:00:00,63103.68,63106.83,63051.0,63069.32,187.46878
2026-08-01 14:00:00,63069.31,63127.07,63069.31,63126.52,385.79335
2026-08-01 15:00:00,63126.53,63126.53,63007.05,63007.06,164.42533
2026-08-01 16:00:00,63007.06,63027.65,62874.0,62932.32,327.87182
2026-08-01 17:00:00,62932.32,62996.0,62666.0,62708.07,359.17517
2026-08-01 18:00:00,62708.06,62734.0,62275.0,62580.56,931.42897
2026-08-01 19:00:00,62580.55,62624.0,62461.17,62529.82,312.52626
2026-08-01 20:00:00,62529.81,62674.98,62482.99,62662.13,183.46966
2026-08-01 21:00:00,62662.14,62864.0,62662.13,62812.75,229.38386
2026-08-01 22:00:00,62812.76,62866.62,62794.17,62831.28,129.54917
2026-08-01 23:00:00,62831.29,62862.8,62769.97,62823.64,287.81315
2026-08-02 00:00:00,62823.65,62979.99,62806.58,62833.99,397.27424
2026-08-02 01:00:00,62834.0,63088.0,62834.0,62981.87,215.77694
2026-08-02 02:00:00,62981.87,63547.7,62958.54,63451.58,1068.41906
2026-08-02 03:00:00,63451.58,63550.0,63380.0,63461.95,388.55462
2026-08-02 04:00:00,63461.95,63612.0,63461.95,63590.0,302.37117
2026-08-02 05:00:00,63590.0,63634.0,63415.26,63453.27,261.31562
2026-08-02 06:00:00,63453.27,63498.15,63435.99,63482.49,160.39885
2026-08-02 07:00:00,63482.49,63544.51,63480.0,63506.24,412.11258
2026-08-02 08:00:00,63506.23,63530.0,63172.0,63193.99,542.79786
2026-08-02 09:00:00,63194.0,63320.0,63094.0,63273.94,277.11141
2026-08-02 10:00:00,63273.94,63273.94,63125.06,63205.03,200.2751
2026-08-02 11:00:00,63205.03,63206.0,62982.38,63031.99,373.06149
2026-08-02 12:00:00,63031.99,63231.67,63031.99,63125.49,247.99863
2026-08-02 13:00:00,63125.49,63146.89,63010.0,63126.92,262.12825
2026-08-02 14:00:00,63126.92,63186.0,63062.0,63069.37,314.22912
2026-08-02 15:00:00,63069.37,63186.0,63050.0,63109.14,191.05332
2026-08-02 16:00:00,63109.13,63273.49,63064.01,63180.36,267.96361
2026-08-02 17:00:00,63180.36,63342.0,63152.0,63300.28,318.39177
2026-08-02 18:00:00,63300.0,63610.01,63290.0,63382.01,518.81545
2026-08-02 19:00:00,63382.01,63479.85,63323.89,63456.01,247.35839
2026-08-02 20:00:00,63456.0,63501.48,63404.69,63494.52,140.51262
2026-08-02 21:00:00,63494.51,63785.0,63479.45,63578.0,457.27756
2026-08-02 22:00:00,63578.01,63796.33,63376.71,63424.58,484.1409
2026-08-02 23:00:00,63424.58,63596.0,63344.0,63570.0,337.67298
2026-08-03 00:00:00,63570.01,63596.0,63208.3,63317.6,357.32342
2026-08-03 01:00:00,63317.61,63350.0,63111.1,63212.16,372.31318
2026-08-03 02:00:00,63212.16,63286.0,63100.0,63141.4,334.18959
2026-08-03 03:00:00,63141.39,63168.44,62786.04,62870.49,516.46423
2026-08-03 04:00:00,62870.48,63001.77,62770.37,62790.0,320.41763
2026-08-03 05:00:00,62790.0,62875.02,62751.3,62827.17,546.69206
2026-08-03 06:00:00,62827.17,62872.58,62613.0,62623.6,396.31841
2026-08-03 07:00:00,62623.6,62700.0,62552.04,62621.1,1264.72827
2026-08-03 08:00:00,62621.1,62647.69,62300.0,62541.5,657.33122
2026-08-03 09:00:00,62541.5,62863.1,62520.0,62837.4,585.41075
2026-08-03 10:00:00,62837.4,62860.0,62615.11,62742.01,443.80935
2026-08-03 11:00:00,62742.01,62778.92,62540.95,62560.01,282.26451
2026-08-03 12:00:00,62560.01,62799.3,62445.26,62700.0,437.23263
2026-08-03 13:00:00,62700.01,63390.0,62562.42,63351.09,1121.39133
2026-08-03 14:00:00,63351.09,63992.71,63136.0,63967.19,2387.82383
2026-08-03 15:00:00,63967.19,63989.75,63646.59,63694.91,1368.53804
2026-08-03 16:00:00,63694.9,63939.99,63664.0,63776.46,800.0795
2026-08-03 17:00:00,63776.46,64059.75,63714.55,63906.0,628.1066
2026-08-03 18:00:00,63905.99,64000.0,63768.0,63870.87,368.04477
2026-08-03 19:00:00,63870.87,64080.0,63846.0,63869.38,545.18183
2026-08-03 20:00:00,63869.38,64023.61,63769.92,63775.43,498.9936
2026-08-03 21:00:00,63775.43,63791.98,63548.0,63590.15,427.95014
2026-08-03 22:00:00,63590.15,63680.0,63392.01,63618.0,422.48287
2026-08-03 23:00:00,63618.01,63621.35,63465.43,63520.0,460.20967
2026-08-04 00:00:00,63520.0,63585.09,63322.01,63361.99,536.23408
2026-08-04 01:00:00,63362.0,63927.99,63361.99,63847.93,808.63269
2026-08-04 02:00:00,63847.92,63972.0,63686.44,63822.44,596.20908
2026-08-04 03:00:00,63822.45,63860.0,63649.0,63800.01,343.13285
2026-08-04 04:00:00,63800.01,64243.81,63762.0,64029.0,795.09044
2026-08-04 05:00:00,64029.01,64056.0,63788.23,63818.48,306.74636
2026-08-04 06:00:00,63818.47,63859.71,63654.16,63670.0,321.82249
2026-08-04 07:00:00,63670.0,63763.63,63506.78,63685.74,779.79552
2026-08-04 08:00:00,63685.73,63748.22,63564.99,63588.94,412.14854
2026-08-04 09:00:00,63589.04,63610.0,63516.43,63603.73,356.68509
2026-08-04 10:00:00,63603.73,63842.0,63451.8,63764.0,613.8334
2026-08-04 11:00:00,63763.99,63950.0,63712.0,63926.0,457.77198
2026-08-04 12:00:00,63926.0,64062.46,63788.0,63906.41,546.54537
2026-08-04 13:00:00,63906.41,64097.74,63656.0,63683.94,1052.90355
2026-08-04 14:00:00,63683.95,64193.54,63615.38,64128.72,879.92592
2026-08-04 15:00:00,64128.73,64238.0,63814.29,64125.14,876.1178
2026-08-04 16:00:00,64125.14,64130.0,63897.22,63950.93,546.40306
2026-08-04 17:00:00,63950.94,64184.0,63892.0,63972.09,719.77508
2026-08-04 18:00:00,63972.09,64400.0,63965.73,64305.99,693.34672
2026-08-04 19:00:00,64305.99,64413.21,64193.57,64233.36,534.82384
2026-08-04 20:00:00,64233.35,64420.0,64001.68,64341.0,558.35238
2026-08-04 21:00:00,64341.0,64341.99,64175.52,64194.0,220.73608
2026-08-04 22:00:00,64193.99,64293.91,64140.0,64270.61,181.53234
2026-08-04 23:00:00,64270.62,64549.16,64081.26,64106.56,551.91443
2026-08-05 00:00:00,64106.55,64193.25,63978.44,63988.0,649.78599
2026-08-05 01:00:00,63988.0,64346.0,63950.0,64333.84,393.02738
2026-08-05 02:00:00,64333.85,64504.0,64322.59,64368.26,562.72054
2026-08-05 03:00:00,64368.27,64446.0,64046.0,64183.27,445.73851
2026-08-05 04:00:00,64183.27,64218.0,64088.01,64176.7,184.21473
2026-08-05 05:00:00,64176.69,64525.97,64163.36,64330.87,480.37923
2026-08-05 06:00:00,64330.86,64373.31,64229.34,64253.58,396.58374
2026-08-05 07:00:00,64253.59,64272.0,63995.89,64163.99,577.00898
2026-08-05 08:00:00,64164.0,64280.0,64098.0,64120.81,335.28683
2026-08-05 09:00:00,64120.81,64210.83,64102.95,64155.05,184.00109
2026-08-05 10:00:00,64155.06,64242.93,64020.0,64062.23,387.90421
2026-08-05 11:00:00,64062.23,64150.0,64044.5,64075.28,258.58817
2026-08-05 12:00:00,64075.28,64581.43,64050.0,64332.43,1037.97436
2026-08-05 13:00:00,64332.43,64412.0,63880.0,64407.99,1022.29322
2026-08-05 14:00:00,64407.99,64578.0,64300.0,64476.39,1047.50709
2026-08-05 15:00:00,64476.4,64744.0,64385.49,64388.01,986.83874
2026-08-05 16:00:00,64388.01,64760.99,64388.0,64661.99,538.9344
2026-08-05 17:00:00,64661.99,64804.0,64541.71,64770.0,480.07544
2026-08-05 18:00:00,64770.0,64844.99,64670.01,64799.1,509.17226
2026-08-05 19:00:00,64799.1,64936.18,64781.79,64840.28,466.98679
2026-08-05 20:00:00,64840.27,65025.22,64806.46,64822.89,498.389
2026-08-05 21:00:00,64822.88,64825.78,64657.69,64733.13,467.37291
2026-08-05 22:00:00,64733.13,64783.84,64629.81,64636.0,271.07045
2026-08-05 23:00:00,64636.0,64749.99,64579.15,64665.23,561.00122
2026-08-06 00:00:00,64665.24,64724.38,64572.0,64644.99,476.9934
2026-08-06 01:00:00,64644.92,64659.65,64498.0,64580.07,393.9399
2026-08-06 02:00:00,64580.08,64650.62,64439.34,64579.36,432.25507
2026-08-06 03:00:00,64579.36,64583.63,64493.2,64531.03,197.99261
2026-08-06 04:00:00,64531.03,64755.72,64496.27,64734.65,354.38235
2026-08-06 05:00:00,64734.65,64996.0,64730.26,64908.09,515.23827
2026-08-06 06:00:00,64908.1,64908.1,64745.69,64860.0,233.29381
2026-08-06 07:00:00,64860.0,64965.66,64776.0,64809.7,679.84082
2026-08-06 08:00:00,64809.7,64999.0,64760.0,64941.99,323.50568
2026-08-06 09:00:00,64942.0,64944.0,64630.0,64683.62,404.08385
2026-08-06 10:00:00,64683.62,64685.05,64581.21,64615.95,207.8831
2026-08-06 11:00:00,64615.95,64661.26,64503.54,64622.09,372.14171
2026-08-06 12:00:00,64622.08,64637.68,64381.96,64424.0,336.45805
2026-08-06 13:00:00,64424.01,64524.21,64172.0,64434.01,870.19548
2026-08-06 14:00:00,64434.01,64850.0,64362.0,64778.0,781.12724
2026-08-06 15:00:00,64778.01,64987.26,64624.29,64631.87,772.83402
2026-08-06 16:00:00,64631.88,64778.0,64592.37,64757.99,370.31723
2026-08-06 17:00:00,64758.0,64834.0,64548.81,64621.69,293.75208
2026-08-06 18:00:00,64621.68,64621.69,64378.67,64418.47,347.29306
2026-08-06 19:00:00,64418.48,64474.71,64365.0,64446.0,449.59357
2026-08-06 20:00:00,64446.01,64536.32,64439.7,64439.7,195.47529
2026-08-06 21:00:00,64439.71,64513.99,64404.74,64440.74,249.73283
2026-08-06 22:00:00,64440.74,64450.0,64330.4,64351.49,210.70667
2026-08-06 23:00:00,64351.48,64360.01,64200.0,64323.61,395.39675
2026-08-07 00:00:00,64323.61,64410.0,64230.59,64317.99,285.45231
2026-08-07 01:00:00,64318.0,64476.78,64300.0,64422.55,351.02167
2026-08-07 02:00:00,64422.54,64544.0,64252.09,64399.87,388.69448
2026-08-07 03:00:00,64399.88,64407.73,64260.0,64289.99,199.96303
2026-08-07 04:00:00,64289.99,64364.08,64166.0,64255.13,222.89749
2026-08-07 05:00:00,64255.14,64400.0,64177.62,64336.43,321.20596
2026-08-07 06:00:00,64336.42,64463.75,64283.91,64304.12,452.26837
2026-08-07 07:00:00,64304.12,64436.13,64264.0,64319.84,382.39149
2026-08-07 08:00:00,64319.84,64672.1,64304.22,64600.0,433.22408
2026-08-07 09:00:00,64600.0,64965.0,64599.99,64839.32,917.15159
2026-08-07 10:00:00,64839.32,64916.0,64802.0,64893.98,362.71626
2026-08-07 11:00:00,64893.99,65213.33,64893.64,65029.98,652.67441
2026-08-07 12:00:00,65029.98,65390.99,64986.26,65292.32,1412.7636
2026-08-07 13:00:00,65292.31,65338.0,64984.68,65009.24,1271.25225
2026-08-07 14:00:00,65009.23,65275.03,64788.0,64957.98,982.58571
2026-08-07 15:00:00,64957.98,65136.17,64894.83,64912.72,468.0279
2026-08-07 16:00:00,64912.71,65072.31,64814.0,64814.0,485.33624
2026-08-07 17:00:00,64814.01,64828.82,64525.0,64764.33,603.65716
2026-08-07 18:00:00,64764.33,64881.13,64676.0,64735.51,225.44204
2026-08-07 19:00:00,64735.52,65039.42,64735.52,64960.47,398.55222
2026-08-07 20:00:00,64960.46,65053.56,64948.0,64972.0,238.49651
2026-08-07 21:00:00,64972.0,65102.0,64928.0,64928.01,187.58406
2026-08-07 22:00:00,64928.02,64947.7,64846.0,64888.0,304.11479
2026-08-07 23:00:00,64888.0,64923.2,64869.99,64923.19,259.93041
2026-08-08 00:00:00,64923.2,64954.0,64784.19,64929.01,432.5947
2026-08-08 01:00:00,64929.01,64965.0,64908.97,64911.79,283.12303
2026-08-08 02:00:00,64911.8,64957.47,64894.49,64923.97,317.46111
2026-08-08 03:00:00,64923.98,65074.18,64918.28,65033.0,277.39242
2026-08-08 04:00:00,65033.0,65071.15,64971.18,65013.58,199.83614
2026-08-08 05:00:00,65013.58,65018.64,64976.0,64995.39,118.91329
2026-08-08 06:00:00,64995.39,65014.0,64959.81,65006.61,298.35674
2026-08-08 07:00:00,65006.61,65006.61,64951.34,64960.0,169.03379
2026-08-08 08:00:00,64959.99,65020.5,64948.56,64993.87,150.80437
2026-08-08 09:00:00,64993.88,65050.0,64992.98,64994.31,303.53576
2026-08-08 10:00:00,64994.31,65022.43,64994.31,65005.87,144.30853
2026-08-08 11:00:00,65005.88,65024.1,64957.0,64967.35,178.16146
2026-08-08 12:00:00,64967.36,65050.55,64924.0,65008.34,234.45077
2026-08-08 13:00:00,65008.33,65018.0,65000.0,65015.27,187.85749
2026-08-08 14:00:00,65015.27,65192.54,65015.27,65129.02,356.35929
2026-08-08 15:00:00,65129.01,65149.57,65061.31,65080.82,186.5848
2026-08-08 16:00:00,65080.83,65116.82,65039.0,65086.45,128.83529
2026-08-08 17:00:00,65086.46,65150.0,65075.46,65119.75,187.72596
2026-08-08 18:00:00,65119.75,65119.75,65025.54,65044.07,168.52013
2026-08-08 19:00:00,65044.08,65093.7,65017.39,65075.41,205.39734
2026-08-08 20:00:00,65075.4,65100.61,65060.0,65082.41,382.31735
2026-08-08 21:00:00,65082.42,65082.42,65000.53,65012.96,216.53129
2026-08-08 22:00:00,65012.95,65038.0,64948.17,64950.61,427.30382
2026-08-08 23:00:00,64950.62,64975.99,64936.01,64962.6,204.73811
2026-08-09 00:00:00,64962.6,64991.93,64958.17,64973.65,214.05253
2026-08-09 01:00:00,64973.65,65002.0,64838.33,64861.46,330.74593
2026-08-09 02:00:00,64861.46,64863.16,64777.92,64820.01,255.40052
2026-08-09 03:00:00,64820.01,64820.01,64730.08,64788.8,153.75776
2026-08-09 04:00:00,64788.8,64826.13,64785.0,64785.0,156.31772
2026-08-09 05:00:00,64785.01,64801.58,64777.0,64801.58,194.39306
2026-08-09 06:00:00,64801.57,64867.11,64801.57,64849.99,216.36529
2026-08-09 07:00:00,64850.0,64860.01,64826.14,64826.14,338.38864
2026-08-09 08:00:00,64826.15,64960.06,64792.1,64824.16,328.93534
2026-08-09 09:00:00,64824.17,64877.86,64809.68,64877.85,149.22124
2026-08-09 10:00:00,64877.86,64994.07,64877.85,64959.86,249.48898
2026-08-09 11:00:00,64959.87,65000.0,64950.0,64950.0,150.77221
2026-08-09 12:00:00,64950.01,64962.41,64914.73,64960.11,166.88575
2026-08-09 13:00:00,64960.12,65266.0,64960.11,65219.78,406.90586
2026-08-09 14:00:00,65219.78,65300.0,65150.95,65260.01,280.8075
2026-08-09 15:00:00,65260.01,65264.0,65214.0,65228.68,364.1864
2026-08-09 16:00:00,65228.68,65266.06,65182.36,65232.14,289.41282
2026-08-09 17:00:00,65232.15,65239.18,65198.68,65198.68,130.05099
2026-08-09 18:00:00,65198.68,65220.0,65192.0,65199.68,83.21999
2026-08-09 19:00:00,65199.69,65210.0,65179.72,65180.66,257.6312
2026-08-09 20:00:00,65180.66,65181.99,65046.25,65137.96,465.99754
2026-08-09 21:00:00,65137.96,65250.0,65115.05,65192.99,485.32235
2026-08-09 22:00:00,65192.99,65474.46,64971.41,65077.13,941.55321
2026-08-09 23:00:00,65077.13,65108.0,64842.59,64901.59,421.42323
2026-08-10 00:00:00,64901.59,65322.58,64826.78,64968.01,556.44925
2026-08-10 01:00:00,64968.21,65391.14,64900.0,65189.99,410.26148
2026-08-10 02:00:00,65190.0,65220.0,64903.54,65099.99,432.7132
2026-08-10 03:00:00,65099.99,65172.0,64904.99,64982.01,335.63049
2026-08-10 04:00:00,64982.0,65100.0,64924.0,65006.73,333.49313
2026-08-10 05:00:00,65006.74,65159.25,64979.88,65134.0,299.63603
2026-08-10 06:00:00,65134.0,65339.7,65130.01,65299.4,433.93661
2026-08-10 07:00:00,65299.4,65379.13,65196.53,65202.73,554.01187
2026-08-10 08:00:00,65202.72,65328.73,65192.0,65245.58,316.81156
2026-08-10 09:00:00,65245.59,65245.59,64958.87,64967.24,389.34609
2026-08-10 10:00:00,64967.25,65074.61,64967.24,65013.06,428.4961
2026-08-10 11:00:00,65013.07,65130.16,64977.93,65125.98,160.3373
2026-08-10 12:00:00,65125.99,65237.8,64850.0,64870.75,596.12387
2026-08-10 13:00:00,64870.74,64973.72,64518.01,64561.98,1297.24239
2026-08-10 14:00:00,64561.98,64888.32,64544.01,64625.77,650.29814
2026-08-10 15:00:00,64625.77,64711.43,64203.15,64299.99,1096.33991
2026-08-10 16:00:00,64299.99,64354.0,63830.57,63904.65,1498.06925
2026-08-10 17:00:00,63904.65,64027.12,63832.0,63953.04,1290.55418
2026-08-10 18:00:00,63953.04,64020.64,63806.27,63889.39,944.06538
2026-08-10 19:00:00,63889.39,64101.34,63888.01,64045.7,543.26284
2026-08-10 20:00:00,64045.7,64215.21,64023.06,64158.5,286.34235
2026-08-10 21:00:00,64158.49,64158.5,63987.0,63987.0,239.68387
2026-08-10 22:00:00,63987.0,64055.95,63944.0,64016.0,216.96727
2026-08-10 23:00:00,64015.99,64020.0,63920.69,63970.01,328.33621
2026-08-11 00:00:00,63970.01,64058.0,63895.64,64040.0,690.26826
2026-08-11 01:00:00,64040.01,64080.1,63958.2,64060.8,355.07512
2026-08-11 02:00:00,64060.8,64086.0,64030.0,64044.59,263.24469
2026-08-11 03:00:00,64044.6,64176.0,64044.59,64155.01,524.13513
2026-08-11 04:00:00,64155.0,64159.65,64021.02,64023.51,360.17249
2026-08-11 05:00:00,64023.51,64051.93,63964.0,64000.0,217.31247
2026-08-11 06:00:00,64000.0,64050.43,63852.0,63969.28,681.87714
2026-08-11 07:00:00,63969.29,64108.0,63911.09,64065.99,380.83043
2026-08-11 08:00:00,64066.0,64148.78,64044.72,64136.41,168.66039
2026-08-11 09:00:00,64136.41,64300.0,64121.51,64300.0,453.24003
2026-08-11 10:00:00,64300.0,64312.7,64200.0,64233.23,408.12036
2026-08-11 11:00:00,64233.23,64400.0,64233.23,64389.57,538.09782
2026-08-11 12:00:00,64389.58,64515.43,64274.57,64330.01,714.43565
2026-08-11 13:00:00,64330.0,64368.42,64050.0,64200.28,1390.7479
2026-08-11 14:00:00,64200.29,64263.83,63714.75,63770.03,985.02313
2026-08-11 15:00:00,63770.03,63868.0,63451.0,63609.87,1286.57237
2026-08-11 16:00:00,63609.86,63660.0,63459.54,63512.59,740.82749
2026-08-11 17:00:00,63512.59,63632.94,63461.88,63607.88,482.84238
2026-08-11 18:00:00,63607.87,63626.03,63251.59,63373.07,749.01907
2026-08-11 19:00:00,63373.07,63536.0,63238.0,63536.0,452.04779
2026-08-11 20:00:00,63536.0,63748.37,63536.0,63740.0,321.5572
2026-08-11 21:00:00,63740.0,63768.58,63622.0,63672.73,269.417
2026-08-11 22:00:00,63672.73,63768.0,63626.25,63668.49,253.27935
2026-08-11 23:00:00,63668.5,63668.5,63543.55,63600.0,204.82882
2026-08-12 00:00:00,63600.01,63745.53,63534.01,63742.07,247.42097
2026-08-12 01:00:00,63742.07,63855.5,63698.18,63813.8,499.92358
2026-08-12 02:00:00,63813.8,63908.01,63730.72,63749.76,612.29132
2026-08-12 03:00:00,63749.77,63845.91,63709.85,63835.59,538.85374
2026-08-12 04:00:00,63835.58,63891.42,63739.99,63769.58,568.35931
2026-08-12 05:00:00,63769.58,63869.56,63724.25,63849.94,540.4656
2026-08-12 06:00:00,63849.94,63849.94,63606.15,63711.97,563.28705
2026-08-12 07:00:00,63711.97,63838.0,63644.1,63837.99,458.43036
2026-08-12 08:00:00,63838.0,63867.2,63784.01,63819.54,208.74626
